[
  {
    "SKU": "030K",
    "NOMBRE_DEL_PRODUCTO": "Herbalife Número 1",
    "SABOR": "Arroz con leche",
    "PV": 25.75,
    "BASE_DE_GANANCIA": 685.93,
    "PRECIO_DE_VENTA_SUGERIDO": 893,
    "0.25": 693.2,
    "0.35": 613.63,
    "0.42": 557.93,
    "0.50": 494.28,
    "CATEGORIA": "BATIDOS",
    "quantity": 0
  },
  {
    "SKU": "049K",
    "NOMBRE_DEL_PRODUCTO": "Herbalife Número 1",
    "SABOR": "Coco",
    "PV": 25.75,
    "BASE_DE_GANANCIA": 685.93,
    "PRECIO_DE_VENTA_SUGERIDO": 893,
    "0.25": 693.2,
    "0.35": 613.63,
    "0.42": 557.93,
    "0.50": 494.28,
    "CATEGORIA": "BATIDOS",
    "quantity": 0
  },
  {
    "SKU": 884,
    "NOMBRE_DEL_PRODUCTO": "Herbalife Número 1",
    "SABOR": "Choco Avellana",
    "PV": 25.75,
    "BASE_DE_GANANCIA": 685.93,
    "PRECIO_DE_VENTA_SUGERIDO": 893,
    "0.25": 693.2,
    "0.35": 613.63,
    "0.42": 557.93,
    "0.50": 494.28,
    "CATEGORIA": "BATIDOS",
    "quantity": 0
  },
  {
    "SKU": 2555,
    "NOMBRE_DEL_PRODUCTO": "Herbalife Número 1",
    "SABOR": "Plátano",
    "PV": 25.75,
    "BASE_DE_GANANCIA": 685.93,
    "PRECIO_DE_VENTA_SUGERIDO": 893,
    "0.25": 693.2,
    "0.35": 613.63,
    "0.42": 557.93,
    "0.50": 494.28,
    "CATEGORIA": "BATIDOS",
    "quantity": 0
  },
  {
    "SKU": 2057,
    "NOMBRE_DEL_PRODUCTO": "Herbalife Número 1",
    "SABOR": "Vainilla",
    "PV": 25.75,
    "BASE_DE_GANANCIA": 685.93,
    "PRECIO_DE_VENTA_SUGERIDO": 893,
    "0.25": 693.2,
    "0.35": 613.63,
    "0.42": 557.93,
    "0.50": 494.28,
    "CATEGORIA": "BATIDOS",
    "quantity": 0
  },
  {
    "SKU": 2059,
    "NOMBRE_DEL_PRODUCTO": "Herbalife Número 1",
    "SABOR": "Fresa",
    "PV": 25.75,
    "BASE_DE_GANANCIA": 685.93,
    "PRECIO_DE_VENTA_SUGERIDO": 893,
    "0.25": 693.2,
    "0.35": 613.63,
    "0.42": 557.93,
    "0.50": 494.28,
    "CATEGORIA": "BATIDOS",
    "quantity": 0
  },
  {
    "SKU": 2158,
    "NOMBRE_DEL_PRODUCTO": "Herbalife Número 1",
    "SABOR": "Piña Colada",
    "PV": 25.75,
    "BASE_DE_GANANCIA": 685.93,
    "PRECIO_DE_VENTA_SUGERIDO": 893,
    "0.25": 693.2,
    "0.35": 613.63,
    "0.42": 557.93,
    "0.50": 494.28,
    "CATEGORIA": "BATIDOS",
    "quantity": 0
  },
  {
    "SKU": 2060,
    "NOMBRE_DEL_PRODUCTO": "Herbalife Número 1",
    "SABOR": "Cookies S Cream",
    "PV": 25.75,
    "BASE_DE_GANANCIA": 685.93,
    "PRECIO_DE_VENTA_SUGERIDO": 893,
    "0.25": 693.2,
    "0.35": 613.63,
    "0.42": 557.93,
    "0.50": 494.28,
    "CATEGORIA": "BATIDOS",
    "quantity": 0
  },
  {
    "SKU": 2154,
    "NOMBRE_DEL_PRODUCTO": "Herbalife Número 1",
    "SABOR": "Frutas Tropicales",
    "PV": 25.75,
    "BASE_DE_GANANCIA": 685.93,
    "PRECIO_DE_VENTA_SUGERIDO": 893,
    "0.25": 693.2,
    "0.35": 613.63,
    "0.42": 557.93,
    "0.50": 494.28,
    "CATEGORIA": "BATIDOS",
    "quantity": 0
  },
  {
    "SKU": 2056,
    "NOMBRE_DEL_PRODUCTO": "Herbalife Número 1",
    "SABOR": "Dulce de Leche",
    "PV": 25.75,
    "BASE_DE_GANANCIA": 685.93,
    "PRECIO_DE_VENTA_SUGERIDO": 893,
    "0.25": 693.2,
    "0.35": 613.63,
    "0.42": 557.93,
    "0.50": 494.28,
    "CATEGORIA": "BATIDOS",
    "quantity": 0
  },
  {
    "SKU": 6,
    "NOMBRE_DEL_PRODUCTO": "Herbal Aloe Concentrado",
    "SABOR": "473 ml Original",
    "PV": 24.95,
    "BASE_DE_GANANCIA": 497.73,
    "PRECIO_DE_VENTA_SUGERIDO": 642,
    "0.25": 496.67,
    "0.35": 438.82,
    "0.42": 398.32,
    "0.50": 352.04,
    "CATEGORIA": "BEBIDAS DE ALOE",
    "quantity": 0
  },
  {
    "SKU": 1065,
    "NOMBRE_DEL_PRODUCTO": "Herbal Aloe Concentrado",
    "SABOR": "473 ml Mango",
    "PV": 24.95,
    "BASE_DE_GANANCIA": 497.73,
    "PRECIO_DE_VENTA_SUGERIDO": 642,
    "0.25": 496.67,
    "0.35": 438.82,
    "0.42": 398.32,
    "0.50": 352.04,
    "CATEGORIA": "BEBIDAS DE ALOE",
    "quantity": 0
  },
  {
    "SKU": 2631,
    "NOMBRE_DEL_PRODUCTO": "Herbal Aloe Concentrado",
    "SABOR": "473 ml Mandarina",
    "PV": 24.95,
    "BASE_DE_GANANCIA": 497.73,
    "PRECIO_DE_VENTA_SUGERIDO": 642,
    "0.25": 496.67,
    "0.35": 438.82,
    "0.42": 398.32,
    "0.50": 352.04,
    "CATEGORIA": "BEBIDAS DE ALOE",
    "quantity": 0
  },
  {
    "SKU": 1610,
    "NOMBRE_DEL_PRODUCTO": "Herbal Aloe Concentrado",
    "SABOR": "473 ml Uva",
    "PV": 24.95,
    "BASE_DE_GANANCIA": 497.73,
    "PRECIO_DE_VENTA_SUGERIDO": 642,
    "0.25": 496.67,
    "0.35": 438.82,
    "0.42": 398.32,
    "0.50": 352.04,
    "CATEGORIA": "BEBIDAS DE ALOE",
    "quantity": 0
  },
  {
    "SKU": "1188",
    "NOMBRE_DEL_PRODUCTO": "Herbal Aloe Concentrado",
    "SABOR": "1.892 L Mango",
    "PV": 92.55,
    "BASE_DE_GANANCIA": 1804.15,
    "PRECIO_DE_VENTA_SUGERIDO": 2320,
    "0.25": 1796.74,
    "0.35": 1587.46,
    "0.42": 1440.96,
    "0.50": 1273.54,
    "CATEGORIA": "BEBIDAS DE ALOE",
    "quantity": 0
  },
  {
    "SKU": "214M",
    "NOMBRE_DEL_PRODUCTO": "Beverage Enhancers Drink Mix",
    "SABOR": "124 g Sandía",
    "PV": 5.45,
    "BASE_DE_GANANCIA": 117.78,
    "PRECIO_DE_VENTA_SUGERIDO": 264,
    "0.25": 229.62,
    "0.35": 215.96,
    "0.42": 206.39,
    "0.50": 195.46,
    "CATEGORIA": "BEVERAGE ENHANCERS",
    "quantity": 0
  },
  {
    "SKU": "203M",
    "NOMBRE_DEL_PRODUCTO": "Beverage Enhancers Drink Mix",
    "SABOR": "124 g Piña",
    "PV": 5.45,
    "BASE_DE_GANANCIA": 117.78,
    "PRECIO_DE_VENTA_SUGERIDO": 228,
    "0.25": 193.55,
    "0.35": 179.89,
    "0.42": 170.33,
    "0.50": 159.4,
    "CATEGORIA": "BEVERAGE ENHANCERS",
    "quantity": 0
  },
  {
    "SKU": "177M",
    "NOMBRE_DEL_PRODUCTO": "Beverage Enhancers Drink Mix",
    "SABOR": "124 g Explosión Azul",
    "PV": 5.45,
    "BASE_DE_GANANCIA": 117.78,
    "PRECIO_DE_VENTA_SUGERIDO": 228,
    "0.25": 193.55,
    "0.35": 179.89,
    "0.42": 170.33,
    "0.50": 159.4,
    "CATEGORIA": "BEVERAGE ENHANCERS",
    "quantity": 0
  },
  {
    "SKU": "282M",
    "NOMBRE_DEL_PRODUCTO": "Beverage Enhancers Creamy Flavoring Mix",
    "SABOR": "259 g Pastel de Queso",
    "PV": 10.7,
    "BASE_DE_GANANCIA": 220.44,
    "PRECIO_DE_VENTA_SUGERIDO": 461,
    "0.25": 396.15,
    "0.35": 370.57,
    "0.42": 352.67,
    "0.50": 332.22,
    "CATEGORIA": "BEVERAGE ENHANCERS",
    "quantity": 0
  },
  {
    "SKU": "208K",
    "NOMBRE_DEL_PRODUCTO": "LIFTOFF",
    "SABOR": "Granada",
    "PV": 40.25,
    "BASE_DE_GANANCIA": 786.12,
    "PRECIO_DE_VENTA_SUGERIDO": 1301,
    "0.25": 1015.74,
    "0.35": 901.75,
    "0.42": 821.96,
    "0.50": 730.77,
    "CATEGORIA": "BEBIDA ADICIONADA CON CAFEÍNA",
    "quantity": 0
  },
  {
    "SKU": "205K",
    "NOMBRE_DEL_PRODUCTO": "LIFTOFF",
    "SABOR": "Naranja",
    "PV": 40.25,
    "BASE_DE_GANANCIA": 786.12,
    "PRECIO_DE_VENTA_SUGERIDO": 1301,
    "0.25": 1015.74,
    "0.35": 901.75,
    "0.42": 821.96,
    "0.50": 730.77,
    "CATEGORIA": "BEBIDA ADICIONADA CON CAFEÍNA",
    "quantity": 0
  },
  {
    "SKU": "207K",
    "NOMBRE_DEL_PRODUCTO": "LIFTOFF",
    "SABOR": "Frutas Tropicales",
    "PV": 40.25,
    "BASE_DE_GANANCIA": 786.12,
    "PRECIO_DE_VENTA_SUGERIDO": 1301,
    "0.25": 1015.74,
    "0.35": 901.75,
    "0.42": 821.96,
    "0.50": 730.77,
    "CATEGORIA": "BEBIDA ADICIONADA CON CAFEÍNA",
    "quantity": 0
  },
  {
    "SKU": "132K",
    "NOMBRE_DEL_PRODUCTO": "LIFTOFF",
    "SABOR": "Moras",
    "PV": 40.25,
    "BASE_DE_GANANCIA": 786.12,
    "PRECIO_DE_VENTA_SUGERIDO": 1301,
    "0.25": 1015.74,
    "0.35": 901.75,
    "0.42": 821.96,
    "0.50": 730.77,
    "CATEGORIA": "BEBIDA ADICIONADA CON CAFEÍNA",
    "quantity": 0
  },
  {
    "SKU": "044K",
    "NOMBRE_DEL_PRODUCTO": "Infusión Herbal",
    "SABOR": "48 g Menta",
    "PV": 32,
    "BASE_DE_GANANCIA": 733.14,
    "PRECIO_DE_VENTA_SUGERIDO": 960,
    "0.25": 746.55,
    "0.35": 661.5,
    "0.42": 601.97,
    "0.50": 533.94,
    "CATEGORIA": "TÉS",
    "quantity": 0
  },
  {
    "SKU": 964,
    "NOMBRE_DEL_PRODUCTO": "Thermojetics Concentrado de Hierbas",
    "SABOR": "102 g Original",
    "PV": 34.95,
    "BASE_DE_GANANCIA": 819.3,
    "PRECIO_DE_VENTA_SUGERIDO": 909,
    "0.25": 703.39,
    "0.35": 621.46,
    "0.42": 564.1,
    "0.50": 498.56,
    "CATEGORIA": "TÉS",
    "quantity": 0
  },
  {
    "SKU": 963,
    "NOMBRE_DEL_PRODUCTO": "Thermojetics Concentrado de Hierbas",
    "SABOR": "51 g Original",
    "PV": 19.95,
    "BASE_DE_GANANCIA": 448.17,
    "PRECIO_DE_VENTA_SUGERIDO": 497,
    "0.25": 384.76,
    "0.35": 339.94,
    "0.42": 308.57,
    "0.50": 272.72,
    "CATEGORIA": "TÉS",
    "quantity": 0
  },
  {
    "SKU": 1638,
    "NOMBRE_DEL_PRODUCTO": "Thermojetics Concentrado de Hierbas",
    "SABOR": "51 g Chai",
    "PV": 19.95,
    "BASE_DE_GANANCIA": 448.17,
    "PRECIO_DE_VENTA_SUGERIDO": 497,
    "0.25": 384.76,
    "0.35": 339.94,
    "0.42": 308.57,
    "0.50": 272.72,
    "CATEGORIA": "TÉS",
    "quantity": 0
  },
  {
    "SKU": 922,
    "NOMBRE_DEL_PRODUCTO": "Thermojetics Concentrado de Hierbas",
    "SABOR": "51 g Limón",
    "PV": 19.95,
    "BASE_DE_GANANCIA": 448.17,
    "PRECIO_DE_VENTA_SUGERIDO": 497,
    "0.25": 384.76,
    "0.35": 339.94,
    "0.42": 308.57,
    "0.50": 272.72,
    "CATEGORIA": "TÉS",
    "quantity": 0
  },
  {
    "SKU": 1428,
    "NOMBRE_DEL_PRODUCTO": "Té Verde",
    "SABOR": "48 g Granada",
    "PV": 28.25,
    "BASE_DE_GANANCIA": 696.4,
    "PRECIO_DE_VENTA_SUGERIDO": 772,
    "0.25": 597.9,
    "0.35": 528.26,
    "0.42": 479.51,
    "0.50": 423.8,
    "CATEGORIA": "TÉS",
    "quantity": 0
  },
  {
    "SKU": 85,
    "NOMBRE_DEL_PRODUCTO": "N-R-G Té",
    "SABOR": "60 g Original",
    "PV": 14.75,
    "BASE_DE_GANANCIA": 332.47,
    "PRECIO_DE_VENTA_SUGERIDO": 369,
    "0.25": 258.43,
    "0.35": 252.19,
    "0.42": 228.91,
    "0.50": 202.32,
    "CATEGORIA": "TÉS",
    "quantity": 0
  },
  {
    "SKU": 2131,
    "NOMBRE_DEL_PRODUCTO": "N-R-G Té",
    "SABOR": "60 g Manzana Verde",
    "PV": 14.75,
    "BASE_DE_GANANCIA": 332.47,
    "PRECIO_DE_VENTA_SUGERIDO": 369,
    "0.25": 258.43,
    "0.35": 252.19,
    "0.42": 228.91,
    "0.50": 202.32,
    "CATEGORIA": "TÉS",
    "quantity": 0
  },
  {
    "SKU": 242,
    "NOMBRE_DEL_PRODUCTO": "Proteína en Polvo",
    "SABOR": "Original",
    "PV": 17.95,
    "BASE_DE_GANANCIA": 463.72,
    "PRECIO_DE_VENTA_SUGERIDO": 597,
    "0.25": 461.82,
    "0.35": 408.03,
    "0.42": 370.37,
    "0.50": 327.34,
    "CATEGORIA": "PROTEÍNA EN POLVO",
    "quantity": 0
  },
  {
    "SKU": 2648,
    "NOMBRE_DEL_PRODUCTO": "Proteína en Polvo",
    "SABOR": "Frutos Rojos",
    "PV": 17.95,
    "BASE_DE_GANANCIA": 463.72,
    "PRECIO_DE_VENTA_SUGERIDO": 597,
    "0.25": 461.82,
    "0.35": 408.03,
    "0.42": 370.37,
    "0.50": 327.34,
    "CATEGORIA": "PROTEÍNA EN POLVO",
    "quantity": 0
  },
  {
    "SKU": 2146,
    "NOMBRE_DEL_PRODUCTO": "Gold (antes Thermojetics Gold)",
    "SABOR": "Vainilla",
    "PV": 35.4,
    "BASE_DE_GANANCIA": 948.45,
    "PRECIO_DE_VENTA_SUGERIDO": 1220,
    "0.25": 944.53,
    "0.35": 834.51,
    "0.42": 757.49,
    "0.50": 669.48,
    "CATEGORIA": "PROTEÍNA EN POLVO",
    "quantity": 0
  },
  {
    "SKU": 2147,
    "NOMBRE_DEL_PRODUCTO": "Gold (antes Thermojetics Gold)",
    "SABOR": "Chocolate",
    "PV": 35.4,
    "BASE_DE_GANANCIA": 948.45,
    "PRECIO_DE_VENTA_SUGERIDO": 1318,
    "0.25": 1020.09,
    "0.35": 901.27,
    "0.42": 818.09,
    "0.50": 723.03,
    "CATEGORIA": "PROTEÍNA EN POLVO",
    "quantity": 0
  },
  {
    "SKU": "289K",
    "NOMBRE_DEL_PRODUCTO": "Gold (antes Thermojetics Gold)",
    "SABOR": "Cacahuate",
    "PV": 35.4,
    "BASE_DE_GANANCIA": 948.45,
    "PRECIO_DE_VENTA_SUGERIDO": 1220,
    "0.25": 944.53,
    "0.35": 834.51,
    "0.42": 757.49,
    "0.50": 669.48,
    "CATEGORIA": "PROTEÍNA EN POLVO",
    "quantity": 0
  },
  {
    "SKU": 3119,
    "NOMBRE_DEL_PRODUCTO": "Protein Mix (antes Polvo para Preparar Bebidas)",
    "SABOR": "Ponche de Frutas",
    "PV": 18.75,
    "BASE_DE_GANANCIA": 482.95,
    "PRECIO_DE_VENTA_SUGERIDO": 691,
    "0.25": 549.99,
    "0.35": 493.97,
    "0.42": 454.76,
    "0.50": 409.94,
    "CATEGORIA": "PROTEÍNA EN POLVO",
    "quantity": 0
  },
  {
    "SKU": 3121,
    "NOMBRE_DEL_PRODUCTO": "Protein Mix (antes Polvo para Preparar Bebidas)",
    "SABOR": "Durazno Mango",
    "PV": 18.75,
    "BASE_DE_GANANCIA": 482.95,
    "PRECIO_DE_VENTA_SUGERIDO": 697,
    "0.25": 556.41,
    "0.35": 500.38,
    "0.42": 461.17,
    "0.50": 416.35,
    "CATEGORIA": "PROTEÍNA EN POLVO",
    "quantity": 0
  },
  {
    "SKU": 2644,
    "NOMBRE_DEL_PRODUCTO": "Xtra-Shake",
    "SABOR": "Nuez",
    "PV": 28.2,
    "BASE_DE_GANANCIA": 698.21,
    "PRECIO_DE_VENTA_SUGERIDO": 930,
    "0.25": 727.4,
    "0.35": 646.4,
    "0.42": 589.71,
    "0.50": 524.91,
    "CATEGORIA": "CONSISTENCIA Y CREMOSIDAD PARA TU BATIDO",
    "quantity": 0
  },
  {
    "SKU": 2641,
    "NOMBRE_DEL_PRODUCTO": "Xtra-Shake",
    "SABOR": "Original",
    "PV": 28.2,
    "BASE_DE_GANANCIA": 698.21,
    "PRECIO_DE_VENTA_SUGERIDO": 930,
    "0.25": 727.4,
    "0.35": 646.4,
    "0.42": 589.71,
    "0.50": 524.91,
    "CATEGORIA": "CONSISTENCIA Y CREMOSIDAD PARA TU BATIDO",
    "quantity": 0
  },
  {
    "SKU": 1095,
    "NOMBRE_DEL_PRODUCTO": "Prolessa Duo",
    "SABOR": "",
    "PV": 23.75,
    "BASE_DE_GANANCIA": 748.98,
    "PRECIO_DE_VENTA_SUGERIDO": 967,
    "0.25": 749.09,
    "0.35": 662.21,
    "0.42": 601.39,
    "0.50": 531.89,
    "CATEGORIA": "OTROS NUTRIENTES",
    "quantity": 0
  },
  {
    "SKU": 77,
    "NOMBRE_DEL_PRODUCTO": "TC Formula",
    "SABOR": "",
    "PV": 32.95,
    "BASE_DE_GANANCIA": 829.13,
    "PRECIO_DE_VENTA_SUGERIDO": 1067,
    "0.25": 825.71,
    "0.35": 729.53,
    "0.42": 662.2,
    "0.50": 585.26,
    "CATEGORIA": "OTROS NUTRIENTES",
    "quantity": 0
  },
  {
    "SKU": "344K",
    "NOMBRE_DEL_PRODUCTO": "Natural-G (antes Anti-Snack)",
    "SABOR": "",
    "PV": 23.5,
    "BASE_DE_GANANCIA": 570.47,
    "PRECIO_DE_VENTA_SUGERIDO": 734,
    "0.25": 568.12,
    "0.35": 501.95,
    "0.42": 455.63,
    "0.50": 402.69,
    "CATEGORIA": "OTROS NUTRIENTES",
    "quantity": 0
  },
  {
    "SKU": "1829",
    "NOMBRE_DEL_PRODUCTO": "Probiotic Advantage",
    "SABOR": "",
    "PV": 20.45,
    "BASE_DE_GANANCIA": 573.3,
    "PRECIO_DE_VENTA_SUGERIDO": 738,
    "0.25": 570.93,
    "0.35": 504.43,
    "0.42": 457.88,
    "0.50": 404.68,
    "CATEGORIA": "FIBRA",
    "quantity": 0
  },
  {
    "SKU": "103K",
    "NOMBRE_DEL_PRODUCTO": "Active Fiber Complex Select",
    "SABOR": "Piña-Coco",
    "PV": 25.15,
    "BASE_DE_GANANCIA": 626.42,
    "PRECIO_DE_VENTA_SUGERIDO": 826,
    "0.25": 643.88,
    "0.35": 571.21,
    "0.42": 520.35,
    "0.50": 462.22,
    "CATEGORIA": "FIBRA",
    "quantity": 0
  },
  {
    "SKU": 2864,
    "NOMBRE_DEL_PRODUCTO": "Active Fiber Complex",
    "SABOR": "Manzana",
    "PV": 22.95,
    "BASE_DE_GANANCIA": 572.22,
    "PRECIO_DE_VENTA_SUGERIDO": 736,
    "0.25": 569.88,
    "0.35": 503.5,
    "0.42": 457.04,
    "0.50": 403.94,
    "CATEGORIA": "FIBRA",
    "quantity": 0
  },
  {
    "SKU": 103,
    "NOMBRE_DEL_PRODUCTO": "Thermo-Bond®",
    "SABOR": "",
    "PV": 15.75,
    "BASE_DE_GANANCIA": 370.96,
    "PRECIO_DE_VENTA_SUGERIDO": 477,
    "0.25": 369.41,
    "0.35": 326.38,
    "0.42": 296.26,
    "0.50": 261.84,
    "CATEGORIA": "FIBRA",
    "quantity": 0
  },
  {
    "SKU": 3146,
    "NOMBRE_DEL_PRODUCTO": "Niteworks®",
    "SABOR": "Naranja-Mango",
    "PV": 48.75,
    "BASE_DE_GANANCIA": 1335.16,
    "PRECIO_DE_VENTA_SUGERIDO": 1724,
    "0.25": 1336.55,
    "0.35": 1181.68,
    "0.42": 1073.26,
    "0.50": 949.36,
    "CATEGORIA": "PARA ÉL Y ELLA",
    "quantity": 0
  },
  {
    "SKU": 3150,
    "NOMBRE_DEL_PRODUCTO": "Niteworks®",
    "SABOR": "Limón",
    "PV": 48.75,
    "BASE_DE_GANANCIA": 1335.16,
    "PRECIO_DE_VENTA_SUGERIDO": 1724,
    "0.25": 1336.55,
    "0.35": 1181.68,
    "0.42": 1073.26,
    "0.50": 949.36,
    "CATEGORIA": "PARA ÉL Y ELLA",
    "quantity": 0
  },
  {
    "SKU": 267,
    "NOMBRE_DEL_PRODUCTO": "Betaglucanos",
    "SABOR": "Vainilla",
    "PV": 43.85,
    "BASE_DE_GANANCIA": 1049.11,
    "PRECIO_DE_VENTA_SUGERIDO": 1350,
    "0.25": 1044.8,
    "0.35": 923.11,
    "0.42": 837.92,
    "0.50": 740.56,
    "CATEGORIA": "PARA ÉL Y ELLA",
    "quantity": 0
  },
  {
    "SKU": 65,
    "NOMBRE_DEL_PRODUCTO": "Herbalifeline®",
    "SABOR": "",
    "PV": 25.75,
    "BASE_DE_GANANCIA": 689.46,
    "PRECIO_DE_VENTA_SUGERIDO": 887,
    "0.25": 686.63,
    "0.35": 606.66,
    "0.42": 550.67,
    "0.50": 486.69,
    "CATEGORIA": "PARA ÉL Y ELLA",
    "quantity": 0
  },
  {
    "SKU": 32,
    "NOMBRE_DEL_PRODUCTO": "Garlic Plus",
    "SABOR": "",
    "PV": 12.95,
    "BASE_DE_GANANCIA": 356.95,
    "PRECIO_DE_VENTA_SUGERIDO": 460,
    "0.25": 355.48,
    "0.35": 314.08,
    "0.42": 285.09,
    "0.50": 251.97,
    "CATEGORIA": "PARA ÉL Y ELLA",
    "quantity": 0
  },
  {
    "SKU": 39,
    "NOMBRE_DEL_PRODUCTO": "Prelox® Azul",
    "SABOR": "",
    "PV": 49.95,
    "BASE_DE_GANANCIA": 1296.65,
    "PRECIO_DE_VENTA_SUGERIDO": 1668,
    "0.25": 1291.32,
    "0.35": 1140.91,
    "0.42": 1035.62,
    "0.50": 915.29,
    "CATEGORIA": "PARA ÉL Y ELLA",
    "quantity": 0
  },
  {
    "SKU": 2374,
    "NOMBRE_DEL_PRODUCTO": "Herbalife® Pro",
    "SABOR": "Miel-Limón y Jengibre",
    "PV": 26.5,
    "BASE_DE_GANANCIA": 760.45,
    "PRECIO_DE_VENTA_SUGERIDO": 992,
    "0.25": 771.08,
    "0.35": 682.87,
    "0.42": 621.12,
    "0.50": 550.55,
    "CATEGORIA": "NUTRIENTES PARA TI",
    "quantity": 0
  },
  {
    "SKU": 1094,
    "NOMBRE_DEL_PRODUCTO": "Schizandra Plus",
    "SABOR": "",
    "PV": 15.5,
    "BASE_DE_GANANCIA": 356.95,
    "PRECIO_DE_VENTA_SUGERIDO": 460,
    "0.25": 355.48,
    "0.35": 314.08,
    "0.42": 285.09,
    "0.50": 251.97,
    "CATEGORIA": "NUTRIENTES PARA TI",
    "quantity": 0
  },
  {
    "SKU": 1061,
    "NOMBRE_DEL_PRODUCTO": "Woman's Choice",
    "SABOR": "",
    "PV": 37,
    "BASE_DE_GANANCIA": 777.34,
    "PRECIO_DE_VENTA_SUGERIDO": 1000,
    "0.25": 774.13,
    "0.35": 683.96,
    "0.42": 620.84,
    "0.50": 548.7,
    "CATEGORIA": "NUTRICIÓN PARA LA MUJER",
    "quantity": 0
  },
  {
    "SKU": "343K",
    "NOMBRE_DEL_PRODUCTO": "Fito Complex (antes Cell-U-Loss®)",
    "SABOR": "",
    "PV": 15.75,
    "BASE_DE_GANANCIA": 376.23,
    "PRECIO_DE_VENTA_SUGERIDO": 484,
    "0.25": 374.68,
    "0.35": 331.04,
    "0.42": 300.49,
    "0.50": 262.58,
    "CATEGORIA": "NUTRICIÓN PARA LA MUJER",
    "quantity": 0
  },
  {
    "SKU": "0565",
    "NOMBRE_DEL_PRODUCTO": "Xtra-Cal®Advanced",
    "SABOR": "",
    "PV": 10.7,
    "BASE_DE_GANANCIA": 267.74,
    "PRECIO_DE_VENTA_SUGERIDO": 345,
    "0.25": 266.64,
    "0.35": 235.59,
    "0.42": 213.85,
    "0.50": 189,
    "CATEGORIA": "NUTRICIÓN PARA LA MUJER",
    "quantity": 0
  },
  {
    "SKU": 831,
    "NOMBRE_DEL_PRODUCTO": "Colágeno en Polvo",
    "SABOR": "Limonada de Fresa",
    "PV": 37.1,
    "BASE_DE_GANANCIA": 987.74,
    "PRECIO_DE_VENTA_SUGERIDO": 1271,
    "0.25": 983.67,
    "0.35": 869.1,
    "0.42": 788.89,
    "0.50": 697.23,
    "CATEGORIA": "NUTRICIÓN PARA LA MUJER",
    "quantity": 0
  },
  {
    "SKU": 364,
    "NOMBRE_DEL_PRODUCTO": "Barra Deluxe con Proteína",
    "SABOR": "Vainilla con Almendra",
    "PV": 13.22,
    "BASE_DE_GANANCIA": 339.47,
    "PRECIO_DE_VENTA_SUGERIDO": 644,
    "0.25": 551.46,
    "0.35": 514.8,
    "0.42": 489.13,
    "0.50": 459.8,
    "CATEGORIA": "SNACKS CON PROTEÍNA",
    "quantity": 0
  },
  {
    "SKU": 366,
    "NOMBRE_DEL_PRODUCTO": "Barra Deluxe con Proteína",
    "SABOR": "Limón",
    "PV": 13.22,
    "BASE_DE_GANANCIA": 339.47,
    "PRECIO_DE_VENTA_SUGERIDO": 644,
    "0.25": 551.46,
    "0.35": 514.8,
    "0.42": 489.13,
    "0.50": 459.8,
    "CATEGORIA": "SNACKS CON PROTEÍNA",
    "quantity": 0
  },
  {
    "SKU": 3525,
    "NOMBRE_DEL_PRODUCTO": "Barras con Proteína",
    "SABOR": "Chocolate",
    "PV": 10.95,
    "BASE_DE_GANANCIA": 278.2,
    "PRECIO_DE_VENTA_SUGERIDO": 519,
    "0.25": 443.22,
    "0.35": 413.18,
    "0.42": 392.14,
    "0.50": 368.11,
    "CATEGORIA": "SNACKS CON PROTEÍNA",
    "quantity": 0
  },
  {
    "SKU": "385K",
    "NOMBRE_DEL_PRODUCTO": "Protein Crunch",
    "SABOR": "Chocolate",
    "PV": 12.1,
    "BASE_DE_GANANCIA": 289.68,
    "PRECIO_DE_VENTA_SUGERIDO": 463,
    "0.25": 371.43,
    "0.35": 335.14,
    "0.42": 309.74,
    "0.50": 280.7,
    "CATEGORIA": "SNACKS CON PROTEÍNA",
    "quantity": 0
  },
  {
    "SKU": "396K",
    "NOMBRE_DEL_PRODUCTO": "Protein Chips",
    "SABOR": "Barbacue",
    "PV": 13.4,
    "BASE_DE_GANANCIA": 305.88,
    "PRECIO_DE_VENTA_SUGERIDO": 528,
    "0.25": 431.3,
    "0.35": 392.98,
    "0.42": 366.16,
    "0.50": 335.5,
    "CATEGORIA": "SNACKS CON PROTEÍNA",
    "quantity": 0
  },
  {
    "SKU": 3115,
    "NOMBRE_DEL_PRODUCTO": "Herbalife® Número 2 Multivitaminas, Minerales y Hierbas",
    "SABOR": "",
    "PV": 19.95,
    "BASE_DE_GANANCIA": 542.47,
    "PRECIO_DE_VENTA_SUGERIDO": 698,
    "0.25": 540.23,
    "0.35": 477.3,
    "0.42": 433.25,
    "0.50": 382.91,
    "CATEGORIA": "NUTRICIÓN ESPECÍFICA",
    "quantity": 0
  },
  {
    "SKU": 2364,
    "NOMBRE_DEL_PRODUCTO": "Herbalife® Número 2 en Polvo/ Multivitaminas, Minerales y Hierbas",
    "SABOR": "",
    "PV": 22,
    "BASE_DE_GANANCIA": 614.45,
    "PRECIO_DE_VENTA_SUGERIDO": 791,
    "0.25": 611.93,
    "0.35": 540.66,
    "0.42": 490.76,
    "0.50": 433.7,
    "CATEGORIA": "NUTRICIÓN ESPECÍFICA",
    "quantity": 0
  },
  {
    "SKU": "345K",
    "NOMBRE_DEL_PRODUCTO": "Herbalife Número 3 (antes Cell Activator)",
    "SABOR": "",
    "PV": 21.95,
    "BASE_DE_GANANCIA": 615.95,
    "PRECIO_DE_VENTA_SUGERIDO": 793,
    "0.25": 613.42,
    "0.35": 541.97,
    "0.42": 491.96,
    "0.50": 434.8,
    "CATEGORIA": "NUTRICIÓN ESPECÍFICA",
    "quantity": 0
  },
  {
    "SKU": 64,
    "NOMBRE_DEL_PRODUCTO": "Arándano con minerales, vitaminas y luteína",
    "SABOR": "",
    "PV": 17.2,
    "BASE_DE_GANANCIA": 449.74,
    "PRECIO_DE_VENTA_SUGERIDO": 579,
    "0.25": 447.88,
    "0.35": 395.71,
    "0.42": 359.19,
    "0.50": 317.46,
    "CATEGORIA": "NUTRICIÓN ESPECÍFICA",
    "quantity": 0
  },
  {
    "SKU": "101K",
    "NOMBRE_DEL_PRODUCTO": "Balance M",
    "SABOR": "",
    "PV": 27.95,
    "BASE_DE_GANANCIA": 676.77,
    "PRECIO_DE_VENTA_SUGERIDO": 871,
    "0.25": 676.98,
    "0.35": 595.47,
    "0.42": 540.52,
    "0.50": 477.72,
    "CATEGORIA": "NUTRICIÓN ESPECÍFICA",
    "quantity": 0
  },
  {
    "SKU": "024K",
    "NOMBRE_DEL_PRODUCTO": "Herbalife24® BCAAs",
    "SABOR": "Manzana Verde",
    "PV": 35.6,
    "BASE_DE_GANANCIA": 851.66,
    "PRECIO_DE_VENTA_SUGERIDO": 1274,
    "0.25": 1026.37,
    "0.35": 927.58,
    "0.42": 858.43,
    "0.50": 779.39,
    "CATEGORIA": "NUTRICIÓN PARA ATLETAS",
    "quantity": 0
  },
  {
    "SKU": 3492,
    "NOMBRE_DEL_PRODUCTO": "Herbalife® Número 1 Sport",
    "SABOR": "Vainilla",
    "PV": 43.15,
    "BASE_DE_GANANCIA": 1092.79,
    "PRECIO_DE_VENTA_SUGERIDO": 1473,
    "0.25": 1156.02,
    "0.35": 1029.25,
    "0.42": 940.52,
    "0.50": 839.11,
    "CATEGORIA": "NUTRICIÓN PARA ATLETAS",
    "quantity": 0
  },
  {
    "SKU": 3490,
    "NOMBRE_DEL_PRODUCTO": "Strength",
    "SABOR": "Chocolate",
    "PV": 58.8,
    "BASE_DE_GANANCIA": 1737.17,
    "PRECIO_DE_VENTA_SUGERIDO": 2506,
    "0.25": 1961.14,
    "0.35": 1743.51,
    "0.42": 1591.17,
    "0.50": 1417.06,
    "CATEGORIA": "NUTRICIÓN PARA ATLETAS",
    "quantity": 0
  },
  {
    "SKU": 1120,
    "NOMBRE_DEL_PRODUCTO": "H24 Enhanced Protein Powder",
    "SABOR": "",
    "PV": 58.8,
    "BASE_DE_GANANCIA": 1737.17,
    "PRECIO_DE_VENTA_SUGERIDO": 2329,
    "0.25": 1825.03,
    "0.35": 1623.52,
    "0.42": 1482.46,
    "0.50": 1321.25,
    "CATEGORIA": "NUTRICIÓN PARA ATLETAS",
    "quantity": 0
  },
  {
    "SKU": 1473,
    "NOMBRE_DEL_PRODUCTO": "CR7 Drive",
    "SABOR": "Açaí",
    "PV": 24.9,
    "BASE_DE_GANANCIA": 562.42,
    "PRECIO_DE_VENTA_SUGERIDO": 833,
    "0.25": 669.08,
    "0.35": 603.84,
    "0.42": 558.17,
    "0.50": 505.98,
    "CATEGORIA": "NUTRICIÓN PARA ATLETAS",
    "quantity": 0
  },
  {
    "SKU": "386K",
    "NOMBRE_DEL_PRODUCTO": "Creatina",
    "SABOR": "",
    "PV": 11.3,
    "BASE_DE_GANANCIA": 273.1,
    "PRECIO_DE_VENTA_SUGERIDO": 391,
    "0.25": 310.96,
    "0.35": 279.28,
    "0.42": 257.1,
    "0.50": 231.76,
    "CATEGORIA": "NUTRICIÓN PARA ATLETAS",
    "quantity": 0
  },
  {
    "SKU": 766,
    "NOMBRE_DEL_PRODUCTO": "Limpiador Cítrico para la piel",
    "SABOR": "",
    "PV": 16.75,
    "BASE_DE_GANANCIA": 349.97,
    "PRECIO_DE_VENTA_SUGERIDO": 451,
    "0.25": 348.52,
    "0.35": 307.92,
    "0.42": 279.51,
    "0.50": 247.03,
    "CATEGORIA": "HERBALIFE SKIN",
    "quantity": 0
  },
  {
    "SKU": 765,
    "NOMBRE_DEL_PRODUCTO": "Gel Limpiador de Sábila",
    "SABOR": "",
    "PV": 16.75,
    "BASE_DE_GANANCIA": 349.97,
    "PRECIO_DE_VENTA_SUGERIDO": 451,
    "0.25": 348.52,
    "0.35": 307.92,
    "0.42": 279.51,
    "0.50": 247.03,
    "CATEGORIA": "HERBALIFE SKIN",
    "quantity": 0
  },
  {
    "SKU": 767,
    "NOMBRE_DEL_PRODUCTO": "Tonificador Energizante de Hierbas",
    "SABOR": "",
    "PV": 12.7,
    "BASE_DE_GANANCIA": 313.21,
    "PRECIO_DE_VENTA_SUGERIDO": 403,
    "0.25": 311.93,
    "0.35": 275.6,
    "0.42": 250.17,
    "0.50": 221.1,
    "CATEGORIA": "HERBALIFE SKIN",
    "quantity": 0
  },
  {
    "SKU": 768,
    "NOMBRE_DEL_PRODUCTO": "Sérum Reductor de Líneas de Expresión",
    "SABOR": "",
    "PV": 37.7,
    "BASE_DE_GANANCIA": 850.45,
    "PRECIO_DE_VENTA_SUGERIDO": 1094,
    "0.25": 846.94,
    "0.35": 748.28,
    "0.42": 679.23,
    "0.50": 600.31,
    "CATEGORIA": "HERBALIFE SKIN",
    "quantity": 0
  },
  {
    "SKU": 771,
    "NOMBRE_DEL_PRODUCTO": "Crema Hidratante para Contorno de Ojos",
    "SABOR": "",
    "PV": 26.35,
    "BASE_DE_GANANCIA": 594.96,
    "PRECIO_DE_VENTA_SUGERIDO": 766,
    "0.25": 592.49,
    "0.35": 523.48,
    "0.42": 475.17,
    "0.50": 419.95,
    "CATEGORIA": "HERBALIFE SKIN",
    "quantity": 0
  },
  {
    "SKU": 770,
    "NOMBRE_DEL_PRODUCTO": "Gel Reafirmante para Contorno de Ojos",
    "SABOR": "",
    "PV": 26.35,
    "BASE_DE_GANANCIA": 594.96,
    "PRECIO_DE_VENTA_SUGERIDO": 766,
    "0.25": 592.49,
    "0.35": 523.48,
    "0.42": 475.17,
    "0.50": 419.95,
    "CATEGORIA": "HERBALIFE SKIN",
    "quantity": 0
  },
  {
    "SKU": 899,
    "NOMBRE_DEL_PRODUCTO": "Crema Humectante FPS 30",
    "SABOR": "",
    "PV": 28.4,
    "BASE_DE_GANANCIA": 586.22,
    "PRECIO_DE_VENTA_SUGERIDO": 754,
    "0.25": 583.82,
    "0.35": 515.82,
    "0.42": 468.22,
    "0.50": 413.82,
    "CATEGORIA": "HERBALIFE SKIN",
    "quantity": 0
  },
  {
    "SKU": 774,
    "NOMBRE_DEL_PRODUCTO": "Crema Hidratante de Noche",
    "SABOR": "",
    "PV": 28.4,
    "BASE_DE_GANANCIA": 642.24,
    "PRECIO_DE_VENTA_SUGERIDO": 826,
    "0.25": 639.59,
    "0.35": 565.09,
    "0.42": 512.94,
    "0.50": 453.34,
    "CATEGORIA": "HERBALIFE SKIN",
    "quantity": 0
  },
  {
    "SKU": 772,
    "NOMBRE_DEL_PRODUCTO": "Exfoliante con Arándanos para el Cutis",
    "SABOR": "",
    "PV": 13.1,
    "BASE_DE_GANANCIA": 269.48,
    "PRECIO_DE_VENTA_SUGERIDO": 347,
    "0.25": 268.38,
    "0.35": 237.12,
    "0.42": 215.24,
    "0.50": 190.23,
    "CATEGORIA": "HERBALIFE SKIN",
    "quantity": 0
  },
  {
    "SKU": 773,
    "NOMBRE_DEL_PRODUCTO": "Mascarilla Limpiadora de Arcilla con Menta",
    "SABOR": "",
    "PV": 14.2,
    "BASE_DE_GANANCIA": 332.47,
    "PRECIO_DE_VENTA_SUGERIDO": 428,
    "0.25": 331.1,
    "0.35": 292.54,
    "0.42": 265.54,
    "0.50": 234.69,
    "CATEGORIA": "HERBALIFE SKIN",
    "quantity": 0
  },
  {
    "SKU": 1492,
    "NOMBRE_DEL_PRODUCTO": "Programa SKIN Básico: Normal / Seco",
    "SABOR": "",
    "PV": 86.25,
    "BASE_DE_GANANCIA": 1891.64,
    "PRECIO_DE_VENTA_SUGERIDO": 2433,
    "0.25": 1883.86,
    "0.35": 1664.43,
    "0.42": 1510.83,
    "0.50": 1335.29,
    "CATEGORIA": "PROGRAMAS HERBALIFE SKIN",
    "quantity": 0
  },
  {
    "SKU": 1496,
    "NOMBRE_DEL_PRODUCTO": "Programa SKIN Básico: Normal / Graso",
    "SABOR": "",
    "PV": 86.25,
    "BASE_DE_GANANCIA": 1891.64,
    "PRECIO_DE_VENTA_SUGERIDO": 2433,
    "0.25": 1883.86,
    "0.35": 1664.43,
    "0.42": 1510.83,
    "0.50": 1335.29,
    "CATEGORIA": "PROGRAMAS HERBALIFE SKIN",
    "quantity": 0
  },
  {
    "SKU": 1493,
    "NOMBRE_DEL_PRODUCTO": "Programa SKIN Intermedio: Normal / Seco",
    "SABOR": "",
    "PV": 176.65,
    "BASE_DE_GANANCIA": 3932.01,
    "PRECIO_DE_VENTA_SUGERIDO": 5057,
    "0.25": 3915.79,
    "0.35": 3459.67,
    "0.42": 3140.39,
    "0.50": 2775.5,
    "CATEGORIA": "PROGRAMAS HERBALIFE SKIN",
    "quantity": 0
  },
  {
    "SKU": 1497,
    "NOMBRE_DEL_PRODUCTO": "Programa SKIN Intermedio: Normal / Graso",
    "SABOR": "",
    "PV": 176.65,
    "BASE_DE_GANANCIA": 3932.01,
    "PRECIO_DE_VENTA_SUGERIDO": 5057,
    "0.25": 3915.79,
    "0.35": 3459.67,
    "0.42": 3140.39,
    "0.50": 2775.5,
    "CATEGORIA": "PROGRAMAS HERBALIFE SKIN",
    "quantity": 0
  },
  {
    "SKU": 1494,
    "NOMBRE_DEL_PRODUCTO": "Programa SKIN Avanzado: Normal / Seco",
    "SABOR": "",
    "PV": 203.95,
    "BASE_DE_GANANCIA": 4533.96,
    "PRECIO_DE_VENTA_SUGERIDO": 5831,
    "0.25": 4515.27,
    "0.35": 3989.33,
    "0.42": 3621.17,
    "0.50": 3200.42,
    "CATEGORIA": "PROGRAMAS HERBALIFE SKIN",
    "quantity": 0
  },
  {
    "SKU": 1498,
    "NOMBRE_DEL_PRODUCTO": "Programa SKIN Avanzado: Normal / Graso",
    "SABOR": "",
    "PV": 203.95,
    "BASE_DE_GANANCIA": 4533.96,
    "PRECIO_DE_VENTA_SUGERIDO": 5831,
    "0.25": 4515.27,
    "0.35": 3989.33,
    "0.42": 3621.17,
    "0.50": 3200.42,
    "CATEGORIA": "PROGRAMAS HERBALIFE SKIN",
    "quantity": 0
  },
  {
    "SKU": "413",
    "NOMBRE_DEL_PRODUCTO": "Herbal Aloe Gel Corporal con Aloe",
    "SABOR": "",
    "PV": 8.05,
    "BASE_DE_GANANCIA": 234.48,
    "PRECIO_DE_VENTA_SUGERIDO": 302,
    "0.25": 233.53,
    "0.35": 206.33,
    "0.42": 187.29,
    "0.50": 165.53,
    "CATEGORIA": "HERBAL ALOE",
    "quantity": 0
  },
  {
    "SKU": "",
    "NOMBRE_DEL_PRODUCTO": "PHD Completo (Paquete de Distribuidor Herbalife) Kit Membresia",
    "SABOR": "",
    "PV": 0,
    "BASE_DE_GANANCIA": 0,
    "PRECIO_DE_VENTA_SUGERIDO": 821.12,
    "0.25": 0,
    "0.35": 0,
    "0.42": 0,
    "0.50": 0,
    "CATEGORIA": "KIT",
    "quantity": 0
  },
  {
    "SKU": "H253",
    "NOMBRE_DEL_PRODUCTO": "Kit de Inicio de Cliente Preferente",
    "SABOR": "",
    "PV": 0,
    "BASE_DE_GANANCIA": 0,
    "PRECIO_DE_VENTA_SUGERIDO": 222.63,
    "0.25": 0,
    "0.35": 0,
    "0.42": 0,
    "0.50": 0,
    "CATEGORIA": "KIT",
    "quantity": 0
  },
  {
    "SKU": "H277",
    "NOMBRE_DEL_PRODUCTO": "Kit de Conversion de Cliente Preferente a Distribuidor 16%",
    "SABOR": "",
    "PV": 0,
    "BASE_DE_GANANCIA": 0,
    "PRECIO_DE_VENTA_SUGERIDO": 598.49,
    "0.25": 0,
    "0.35": 0,
    "0.42": 0,
    "0.50": 0,
    "CATEGORIA": "KIT",
    "quantity": 0
  },
  {
    "SKU": "0909",
    "NOMBRE_DEL_PRODUCTO": "Cuota Anual de Servicio para Distribuidores al 50%",
    "SABOR": "",
    "PV": 0,
    "BASE_DE_GANANCIA": 0,
    "PRECIO_DE_VENTA_SUGERIDO": 1047.83,
    "0.25": 0,
    "0.35": 0,
    "0.42": 0,
    "0.50": 0,
    "CATEGORIA": "CUOTA ANUAL",
    "quantity": 0
  },
  {
    "SKU": "9909",
    "NOMBRE_DEL_PRODUCTO": "Cuota Anual de Servicio para Distribuidores del 25% al 42%",
    "SABOR": "",
    "PV": 0,
    "BASE_DE_GANANCIA": 0,
    "PRECIO_DE_VENTA_SUGERIDO": 233.82,
    "0.25": 0,
    "0.35": 0,
    "0.42": 0,
    "0.50": 0,
    "CATEGORIA": "CUOTA ANUAL",
    "quantity": 0
  },
  {
    "SKU": "N990",
    "NOMBRE_DEL_PRODUCTO": "Cuota Anual de Servicios para Clientes Preferentes",
    "SABOR": "",
    "PV": 0,
    "BASE_DE_GANANCIA": 0,
    "PRECIO_DE_VENTA_SUGERIDO": 116.36,
    "0.25": 0,
    "0.35": 0,
    "0.42": 0,
    "0.50": 0,
    "CATEGORIA": "CUOTA ANUAL",
    "quantity": 0
  }
]